chromatin_env	ln_bpsum_chromatin_env
0	18.824851681649818
1	19.990747691946027
2	19.991086725412707
3	19.988633942316113
4	19.993367531288772
5	19.9894924760267
6	19.993595740902364
